1,1
2,1
4,1
5,1
7,1
8,1
9,1
11,1
12,1
13,1
14,1
15,1
19,1
20,1
21,1
22,1
23,1
24,1
25,1
27,1
28,1
29,1
30,1
31,1
32,1
33,1
34,1
36,1
37,1
38,1
40,1
42,1
43,1
44,1
45,1
47,1
52,1
53,1
54,1
56,1
57,1
58,1
59,1
60,1
61,1
64,1
65,1
68,1
69,1
70,1
71,1
72,1
73,1
74,1
75,1
76,1
77,1
78,2
81,2
82,2
84,2
86,2
88,2
90,2
91,2
92,2
93,2
95,2
97,2
98,2
99,2
100,2
102,2
103,2
107,2
108,2
109,2
111,2
112,2
114,2
115,2
117,2
119,2
121,2
123,2
124,2
125,2
126,2
127,2
130,2
133,2
134,2
137,2
138,2
140,2
141,2
142,2
145,2
146,2
147,2
148,2
149,2
151,2
152,2
153,2
155,2
157,2
159,2
160,2
161,2
162,2
163,2
164,2
165,2
166,2
167,2
168,2
169,2
170,2
174,2
175,2
176,2
177,2
180,2
181,2
183,2
184,2
185,2
186,2
187,2
188,2
189,2
191,2
192,2
193,2
194,2
195,2
196,2
197,2
198,2
199,2
200,2
201,2
202,2
203,2
205,2
206,2
207,2
208,2
209,2
212,2
213,2
216,2
217,2
220,2
221,2
223,2
224,2
226,2
227,2
228,2
230,2
231,2
232,2
234,2
236,2
237,2
238,2
239,2
240,2
242,2
243,2
244,2
245,2
246,2
247,2
249,2
250,2
252,2
253,2
254,2
255,2
256,2
257,2
258,2
259,2
260,2
262,2
265,2
266,2
267,2
269,2
270,2
271,2
272,2
273,2
274,2
275,2
276,2
277,2
278,2
279,2
280,2
281,2
283,2
284,2
285,2
288,2
289,2
290,2
292,2
293,2
294,2
295,2
297,2
298,2
299,2
300,2
302,2
303,2
304,2
305,2
309,2
313,2
314,2
315,2
317,2
318,2
319,2
322,2
323,2
328,2
329,2
330,2
331,2
332,2
333,2
334,2
335,2
336,2
338,2
339,2
341,2
342,2
343,2
344,2
345,2
348,2
349,2
351,2
353,2
354,2
355,2
356,2
357,2
358,2
359,2
360,2
361,2
363,2
365,2
366,2
368,2
369,2
370,2
371,2
372,2
373,2
374,2
376,2
377,2
378,2
379,2
380,2
381,2
382,2
383,2
384,2
385,2
386,2
392,2
393,2
394,2
395,2
397,2
399,2
400,2
401,2
402,2
403,2
404,2
405,2
407,2
408,2
409,2
411,2
413,2
414,2
415,2
416,2
417,2
418,2
419,2
420,2
421,2
422,2
424,2
426,2
427,2
428,2
429,2
430,2
431,2
433,2
434,2
438,2
439,2
440,2
441,2
442,2
444,2
445,2
446,2
447,2
448,2
449,2
450,2
451,2
452,2
453,2
454,2
455,2
456,2
457,2
460,2
461,2
462,2
464,2
465,2
466,2
467,2
468,2
469,2
470,2
472,2
473,2
474,2
475,2
476,2
477,2
478,2
480,2
481,2
482,2
484,2
487,2
488,2
489,2
490,2
492,2
493,2
495,2
496,2
497,2
498,2
499,2
500,2
502,2
503,2
504,2
506,2
507,2
508,2
509,2
510,2
511,2
512,2
513,2
514,2
516,2
517,2
518,2
519,2
520,2
521,2
522,2
523,2
526,2
527,2
529,2
531,2
532,2
535,2
537,2
538,2
539,2
540,2
541,2
542,2
543,2
545,2
546,2
547,2
548,2
550,2
553,2
554,2
555,2
557,2
558,2
559,2
560,2
561,2
562,2
563,2
564,2
565,2
566,2
567,2
568,2
569,2
572,2
573,2
574,2
575,2
576,2
577,2
578,2
579,2
580,2
581,2
582,2
583,2
584,2
586,2
587,2
588,2
589,2
590,2
591,2
592,2
593,2
594,2
595,2
596,2
599,2
600,2
601,2
602,2
603,2
604,2
606,2
607,2
608,2
609,2
610,2
611,2
612,2
613,2
614,2
616,2
617,2
618,2
619,2
620,2
622,2
623,2
624,2
625,2
627,2
628,2
629,2
630,2
631,2
632,2
633,2
634,2
635,2
637,2
638,2
639,2
641,2
644,2
647,2
648,2
650,2
654,2
655,2
657,2
658,2
662,2
663,2
664,2
665,2
666,2
667,2
668,2
669,2
670,2
671,2
672,2
673,2
674,2
676,2
678,2
682,2
683,2
684,2
686,2
688,2
690,2
691,2
693,2
694,2
696,2
697,2
698,2
699,2
700,2
701,2
702,2
703,2
704,2
705,2
707,2
708,2
709,2
710,2
712,2
713,2
714,2
715,2
716,2
717,2
719,2
720,2
721,2
722,2
723,2
724,2
727,2
731,2
732,2
733,2
734,2
735,2
736,2
738,2
739,2
740,2
741,2
742,2
743,2
745,2
746,2
747,2
749,2
750,2
751,2
752,2
753,2
754,2
755,2
756,2
757,2
758,2
760,2
761,2
762,2
763,2
764,2
765,2
767,2
768,2
769,2
770,2
771,2
772,2
773,2
775,2
778,2
781,2
782,2
784,2
788,2
789,2
790,2
793,2
796,2
797,2
799,2
800,2
801,2
802,2
803,2
804,2
806,2
807,2
808,2
809,2
810,2
811,2
812,2
813,2
814,2
815,2
817,2
818,2
819,2
820,2
822,2
824,2
826,2
828,2
830,2
831,2
832,2
834,2
835,2
836,2
837,2
838,2
839,2
840,2
842,2
843,2
844,2
846,2
847,2
848,2
849,2
850,2
851,2
852,2
854,2
855,2
856,2
857,2
859,2
860,2
861,2
862,2
865,2
867,2
868,2
871,2
872,2
873,2
875,2
876,2
877,2
879,2
880,2
881,2
882,2
884,2
886,2
887,2
888,2
889,2
890,2
891,2
892,2
893,2
894,2
895,2
896,2
897,2
899,2
900,2
901,2
904,2
905,2
906,2
907,2
909,2
911,2
912,2
914,2
915,2
917,2
918,2
921,2
922,2
923,2
924,2
925,2
926,2
929,2
930,2
931,2
932,2
933,2
934,2
935,2
936,2
937,2
938,2
939,2
940,2
941,2
942,2
943,2
944,2
945,2
946,2
947,2
948,2
949,2
950,2
951,2
953,2
955,2
956,2
957,2
958,2
959,2
960,2
961,2
962,2
965,2
966,2
968,2
969,2
971,2
972,2
976,2
977,2
978,2
980,2
982,2
983,2
984,2
985,2
986,2
987,2
989,2
990,2
992,2
993,2
994,2
995,2
997,2
998,2
999,2
1000,2
1001,2
1002,2
1004,2
1005,2
1008,2
1009,2
1010,2
1016,2
1017,2
1018,2
1019,2
1021,2
1022,2
1023,2
1025,2
1026,2
1028,2
1032,2
1033,2
1034,2
1035,2
1036,2
1038,2
1039,2
1040,2
1041,2
1042,2
1043,2
1044,2
1045,2
1047,2
1048,2
1049,2
1051,2
1052,2
1053,2
1055,2
1058,2
1059,2
1060,2
1061,2
1062,2
1065,2
1066,2
1067,2
1068,2
1069,2
1071,2
1072,2
1073,2
1075,2
1076,2
1080,2
1084,2
1085,2
1086,2
1088,2
1089,2
1090,2
1093,2
1096,2
1097,2
1098,2
1100,2
1101,2
1103,2
1104,2
1107,2
1109,2
1110,2
1112,2
1113,2
1114,2
1116,2
1118,2
1119,2
1120,2
1121,2
1123,2
1124,2
1125,2
1126,2
1129,2
1130,2
1131,2
1132,2
1134,2
1135,2
1136,2
1137,2
1138,2
1139,2
1140,2
1141,2
1142,2
1143,2
1144,2
1146,2
1148,2
1149,2
1150,2
1153,2
1154,2
1157,2
1158,2
1159,2
1163,2
1164,2
1165,2
1166,2
1167,2
1168,2
1169,2
1170,2
1171,2
1172,2
1173,2
1174,2
1175,2
1176,2
1179,2
1180,2
1181,2
1183,2
1184,2
1186,2
1187,2
1188,2
1191,2
1192,2
1193,2
1194,2
1195,2
1196,2
1197,2
1198,2
1199,2
1200,2
1201,2
1202,2
1203,2
1204,2
1206,2
1207,2
1209,2
1210,2
1211,2
1213,2
1214,2
1216,2
1217,2
1218,2
1219,2
1221,2
1223,2
1224,2
1226,2
1227,2
1228,2
1229,2
1230,2
1233,2
1234,2
1235,2
1236,2
1238,2
1239,2
1240,2
1242,2
1243,2
1245,2
1247,2
1251,2
1252,2
1254,2
1255,2
1256,2
1257,2
1258,2
1259,2
1260,2
1261,2
1262,2
1264,2
1265,2
1266,2
1267,2
1269,2
1270,2
1271,2
1272,2
1273,2
1275,2
1276,2
1278,2
1279,2
1283,2
1284,2
1287,2
1288,2
1289,2
1290,2
1293,2
1296,2
1297,2
1298,2
1300,2
1302,2
1305,2
1306,2
1307,2
1308,2
1309,2
1312,2
1314,2
1315,2
1316,2
1318,2
1319,2
1320,2
1321,2
1322,2
1323,2
1324,2
1325,2
1326,2
1327,2
1328,2
1329,2
1330,2
1332,2
1333,2
1337,2
1338,2
1340,2
1344,2
1345,2
1346,2
1350,2
1351,2
1353,2
1354,2
1356,2
1358,2
1359,2
1360,2
1361,2
1362,2
1363,3
1364,3
1366,3
1367,3
1368,3
1369,3
1371,3
1372,3
1373,3
1374,3
1375,3
1376,3
1377,3
1378,3
1379,3
1380,3
1381,3
1382,3
1383,3
1384,3
1385,3
1386,3
1388,3
1389,3
1391,3
1392,3
1394,3
1395,3
1396,3
1397,3
1398,3
1399,3
1400,3
1401,3
1402,3
1404,3
1405,3
1406,3
1408,3
1410,3
1412,3
1413,3
1415,3
1416,3
1420,3
1421,3
1423,3
1424,3
1425,3
1426,3
1427,3
1431,3
1432,3
1433,3
1434,3
1435,3
1436,3
1437,3
1438,3
1439,3
1440,3
1441,3
1442,3
1443,3
1444,3
1445,3
1449,3
1451,3
1452,3
1453,3
1454,3
1455,3
1456,3
1457,3
1458,3
1459,3
1461,3
1462,3
1463,3
1464,3
1465,3
1466,3
1467,3
1468,3
1470,3
1471,3
1472,3
1474,3
1475,3
1476,3
1477,3
1478,3
1479,3
1480,3
1483,3
1484,3
1485,3
1487,3
1488,3
1490,3
1491,3
1492,3
1493,3
1495,3
1499,3
1501,3
1502,3
1503,3
1505,3
1506,3
1507,3
1508,3
1509,3
1510,3
1512,3
1513,3
1514,3
1515,3
1516,3
1517,3
1521,3
1522,3
1523,3
1524,3
1526,3
1530,3
1531,3
1533,3
1534,3
1535,3
1536,3
1541,3
1542,3
1543,3
1545,3
1546,3
1547,3
1550,3
1551,3
1552,3
1554,3
1555,3
1559,3
1560,3
1561,3
1566,3
1567,3
1568,3
1570,3
1571,3
1573,3
1574,3
1576,3
1577,3
1579,3
1580,3
1581,3
1583,3
1585,3
1586,3
1587,3
1588,3
1589,3
1590,3
1591,3
1593,3
1594,3
1595,3
1596,3
1597,3
1598,3
1599,3
1600,3
1601,3
1603,3
1604,3
1605,3
1606,3
1607,3
1608,3
1614,3
1615,3
1616,3
1617,3
1618,3
1619,3
1620,3
1621,3
1623,3
1624,3
1625,3
1626,3
1627,3
1628,3
1629,3
1631,3
1632,3
1633,3
1634,3
1635,3
1636,3
1637,3
1638,3
1639,3
1640,3
1641,3
1642,3
1645,3
1646,3
1647,3
1648,3
1649,3
1650,3
1651,3
1654,3
1655,3
1656,3
1657,3
1658,3
1659,3
1662,3
1663,3
1664,3
1665,3
1667,3
1668,3
1669,3
1671,3
1673,3
1674,3
1675,3
1678,3
1679,3
1681,3
1683,3
1684,3
1685,3
1687,3
1688,3
1689,3
1690,3
1694,3
1695,3
1698,3
1700,3
1701,3
1703,3
1706,3
1707,3
1708,3
1709,3
1711,3
1712,3
1713,3
1714,3
1717,3
1718,3
1719,3
1720,3
1721,3
1722,3
1723,3
1724,3
1725,3
1728,3
1730,3
1731,3
1732,3
1733,3
1734,3
1735,3
1736,3
1739,3
1740,3
1741,3
1742,3
1743,3
1746,3
1747,3
1748,3
1749,3
1751,3
1752,3
1753,3
1754,3
1755,3
1756,3
1758,3
1760,3
1761,3
1763,3
1764,3
1765,3
1766,3
1768,3
1769,3
1770,3
1771,3
1773,3
1774,3
1775,3
1776,3
1778,3
1779,3
1780,3
1781,3
1784,3
1785,3
1788,3
1789,3
1790,3
1791,3
1793,3
1794,3
1795,3
1796,3
1797,3
1798,3
1800,3
1801,3
1802,3
1803,3
1804,3
1805,3
1806,3
1809,3
1810,3
1811,3
1814,3
1816,3
1817,3
1818,3
1820,3
1822,3
1823,3
1824,3
1825,3
1826,3
1827,3
1828,3
1830,3
1831,3
1832,3
1833,3
1835,3
1836,3
1837,3
1838,3
1839,3
1842,3
1843,3
1844,3
1846,3
1847,3
1850,3
1852,3
1853,3
1855,3
1858,3
1859,3
1860,3
1862,3
1866,3
1868,3
1869,3
1870,3
1872,3
1873,3
1874,3
1875,3
1876,3
1878,3
1879,3
1880,3
1881,3
1883,3
1884,3
1886,3
1888,3
1890,3
1891,3
1892,3
1894,3
1895,3
1896,3
1898,3
1899,3
1900,3
1902,3
1903,3
1904,3
1905,3
1906,3
1907,3
1909,3
1910,3
1911,3
1912,3
1913,3
1915,3
1916,3
1918,3
1919,3
1921,3
1922,3
1923,3
1925,3
1926,3
1927,3
1928,3
1929,3
1930,3
1932,3
1935,3
1936,3
1937,3
1938,3
1939,3
1941,3
1942,3
1944,3
1945,3
1946,3
1947,3
1948,3
1950,3
1951,3
1952,3
1953,3
1956,3
1957,3
1958,3
1959,3
1962,3
1963,3
1964,3
1965,3
1967,3
1968,3
1969,3
1970,3
1971,3
1974,3
1975,3
1976,3
1977,3
1978,3
1979,3
1980,3
1982,3
1983,3
1985,3
1986,3
1987,3
1988,3
1989,3
1993,3
1994,3
1995,3
1996,3
1998,3
1999,3
2000,3
2001,3
2002,3
2004,3
2005,3
2006,3
2007,3
2008,3
2009,3
2013,3
2014,3
2016,3
2017,3
2019,3
2021,3
2023,3
2024,3
2025,3
2026,3
2028,3
2030,3
2032,3
2033,3
2034,3
2035,3
2036,3
2037,3
2038,3
2039,3
2040,3
2041,3
2043,3
2044,3
2045,3
2046,3
2047,3
2050,3
2051,3
2053,3
2054,3
2055,3
2056,3
2057,3
2059,3
2060,3
2061,3
2062,3
2063,3
2064,3
2065,3
2067,3
2068,3
2069,3
2070,3
2072,3
2073,3
2075,3
2076,3
2077,3
2078,3
2079,3
2081,3
2082,3
2083,3
2084,3
2085,3
2087,3
2088,3
2090,3
2091,3
2092,3
2093,3
2094,3
2096,3
2100,3
2101,3
2102,3
2103,3
2104,3
2105,3
2107,3
2108,3
2109,3
2110,3
2111,3
2112,3
2113,3
2114,3
2115,3
2119,3
2120,3
2123,3
2124,3
2125,3
2127,3
2128,3
2132,3
2133,3
2136,3
2138,3
2139,3
2140,3
2141,3
2142,3
2143,3
2144,3
2145,3
2146,3
2147,3
2148,3
2149,3
2153,3
2155,3
2157,3
2158,3
2161,3
2163,3
2164,3
2165,3
2166,3
2167,3
2168,3
2170,3
2173,3
2174,3
2175,3
2176,3
2177,3
2178,3
2180,3
2184,3
2185,3
2188,3
2189,3
2192,3
2193,3
2194,3
2195,3
2198,3
2199,3
2200,3
2201,3
2202,3
2203,3
2207,3
2208,3
2209,3
2215,3
2216,3
2217,3
2218,3
2220,3
2221,3
2222,3
2223,3
2224,3
2225,3
2226,3
2229,3
2230,3
2231,3
2232,3
2233,3
2234,3
2235,3
2237,3
2238,3
2239,3
2240,3
2243,3
2244,3
2245,3
2246,3
2247,3
2248,3
2249,3
2250,3
2252,3
2257,3
2259,3
2260,3
2262,3
2263,3
2265,3
2267,3
2270,3
2271,3
2272,3
2273,3
2274,3
2275,3
2276,3
2279,3
2280,3
2283,3
2285,3
2286,3
2287,3
2288,3
2289,3
2291,3
2292,3
2294,3
2295,3
2297,3
2299,3
2300,3
2301,3
2302,3
2304,3
2305,3
2306,3
2308,3
2309,3
2310,3
2311,3
2312,3
2313,3
2314,3
2316,3
2318,3
2319,3
2321,3
2322,3
2323,3
2325,3
2328,3
2329,3
2330,3
2331,3
2332,3
2333,3
2336,3
2337,3
2338,3
2339,3
2343,3
2344,3
2346,3
2347,3
2348,3
2349,3
2350,3
2351,3
2352,3
2353,3
2357,3
2358,3
2363,3
2364,3
2366,3
2368,3
2369,3
2371,3
2374,3
2376,3
2377,3
2378,3
2379,3
2380,3
2381,3
2382,3
2383,3
2385,3
2387,3
2390,3
2392,3
2393,3
2394,3
2396,3
2397,3
2399,3
2400,3
2401,3
2406,3
2408,3
2409,3
2414,3
2415,3
2416,3
2417,3
2418,3
2421,3
2422,3
2423,3
2425,3
2430,3
2432,3
2434,3
2436,3
2439,3
2440,3
2441,3
2442,3
2444,3
2445,3
2446,3
2448,3
2449,3
2450,3
2452,3
2453,3
2458,3
2464,3
2468,3
2469,3
2470,3
2471,3
2472,3
2473,3
2474,3
2475,3
2476,3
2477,3
2481,3
2485,3
2486,3
2488,3
2489,3
2492,3
2493,3
2494,3
2495,3
2497,3
2498,3
2499,3
2500,3
2501,3
2503,3
2504,3
2505,3
2507,3
2508,3
2513,3
2514,3
2515,3
2516,3
2517,3
2518,3
2519,3
2520,3
2521,3
2522,3
2523,3
2524,3
2525,3
2527,3
2528,3
2529,3
2530,3
2531,3
2532,3
2533,3
2535,3
2537,3
2539,3
2540,3
2542,3
2543,3
2544,3
2546,3
2547,3
2548,3
2550,3
2551,3
2552,3
2553,3
2556,3
2557,3
2559,3
2561,3
2565,3
2566,3
2567,3
2568,3
2569,3
2570,3
2572,3
2573,3
2575,3
2578,3
2579,3
2580,3
2581,3
2582,3
2583,3
2584,3
2586,3
2588,3
2589,3
2590,3
2591,3
2592,3
2593,3
2596,3
2598,3
2599,3
2600,3
2601,3
2602,3
2603,3
2606,3
2607,3
2608,3
2610,3
2613,3
2616,3
2617,3
2618,3
2619,3
2623,3
2625,3
2626,3
2627,3
2629,3
2630,3
2631,3
2632,3
2634,3
2635,3
2636,3
2638,3
2643,3
2644,3
2645,3
2646,3
2647,3
2648,3
2649,3
2650,3
2651,3
2652,3
2653,3
2654,3
2655,3
2656,3
2658,3
2660,3
2661,3
2666,3
2667,3
2671,3
2673,3
2675,3
2677,3
2679,3
2680,3
2682,3
2683,3
2684,3
2685,3
2687,3
2688,3
2690,3
2691,3
2692,3
2694,3
2696,3
2697,3
2700,3
2702,3
2706,3
2707,3
2710,3
2711,3
2712,3
2713,3
2714,3
2717,3
2718,3
2719,3
2720,3
2721,3
2722,3
2723,3
2724,3
2725,3
2726,3
2728,3
2731,3
2732,3
2733,3
2734,3
2735,3
2738,3
2739,3
2741,3
2742,3
2744,3
2745,3
2746,3
2747,3
2748,3
2750,3
2751,3
2752,3
2753,3
2755,3
2756,3
2758,3
2759,3
2760,3
2761,3
2762,3
2763,3
2764,3
2766,3
2767,3
2768,3
2769,3
2770,3
2771,3
2772,3
2774,3
2775,3
2776,3
2777,3
2779,3
2780,3
2781,3
2782,3
2783,3
2784,3
2788,3
2791,3
2792,3
2793,3
2794,3
2795,3
2797,3
2799,3
2801,3
2802,3
2803,3
2805,3
2807,3
2808,3
2810,3
2812,3
2813,3
2814,3
2815,3
2816,3
2817,3
2818,3
2820,3
2821,3
2822,3
2825,3
2826,3
2828,3
2830,3
2831,3
2832,3
2833,3
2834,3
2835,3
2836,3
2837,3
2838,3
2839,3
2840,3
2843,3
2845,3
2846,3
2848,3
2849,3
2850,3
2851,3
2852,3
2854,3
2855,3
2858,3
2862,3
2864,3
2867,3
2868,3
2869,3
2870,3
2871,3
2872,3
2874,3
2875,3
2877,3
2878,3
2880,3
2882,3
2883,3
2884,3
2885,3
2886,3
2888,3
2889,3
2890,3
2892,3
2893,3
2894,3
2895,3
2896,3
2897,3
2898,3
2899,3
2900,3
2901,3
2902,3
2907,3
2910,3
2911,3
2912,3
2913,3
2914,3
2915,3
2917,3
2918,3
2920,3
2922,3
2924,3
2925,3
2926,3
2927,3
2928,3
2929,3
2930,3
2932,3
2933,3
2934,3
2937,3
2938,3
2939,3
2940,3
2941,3
2944,3
2947,3
2948,3
2949,3
2951,3
2953,3
2954,3
2955,3
2956,3
2958,3
2960,3
2961,3
2962,3
2967,3
2969,3
2970,3
2971,3
2972,3
2973,3
2974,3
2975,3
2976,3
2977,3
2978,3
2979,3
2980,3
2981,3
2982,3
2983,3
2984,3
2985,3
2986,3
2987,3
2989,3
2990,3
2991,3
2993,3
2994,3
2995,3
2996,3
2997,3
2998,3
3000,3
3001,3
3002,3
3003,3
3004,3
3005,3
3007,3
3008,3
3009,3
3010,3
3011,3
3012,3
3013,3
3016,3
3017,3
3018,3
3019,3
3021,3
3026,3
3027,3
3028,3
3030,3
3031,3
3035,3
3037,3
3039,3
3041,3
3042,3
3043,3
3044,3
3045,3
3046,3
3047,3
3048,3
3051,3
3052,3
3053,3
3054,3
3055,3
3057,3
3059,3
3060,3
3061,3
3063,3
3064,3
3065,3
3066,3
3067,3
3069,3
3070,3
3073,3
3077,3
3078,3
3079,3
3080,3
3082,3
3083,3
3084,3
3086,3
3087,3
3088,3
3089,3
3090,3
3094,3
3095,3
3096,3
3097,3
3100,3
3103,3
3104,3
3106,3
3107,3
3108,3
3109,3
3110,3
3111,3
3112,3
3113,3
3114,3
3120,3
3123,3
3124,3
3125,3
3128,3
3129,3
3131,3
3133,3
3134,3
3135,3
3137,3
3138,3
3139,3
3140,3
3141,3
3143,3
3146,3
3147,3
3149,3
3151,3
3153,3
3154,3
3158,3
3160,3
3161,3
3162,3
3163,3
3168,3
3171,3
3172,3
3173,3
3174,3
3175,3
3178,3
3180,3
3182,3
3184,3
3185,3
3186,3
3188,3
3189,3
3190,3
3191,3
3193,3
3194,3
3200,3
3201,3
3202,3
3203,3
3204,3
3205,3
3206,3
3207,3
3208,3
3209,3
3211,3
3212,3
3219,3
3220,3
3224,3
3226,3
3228,3
3229,3
3231,3
3233,3
3234,3
3235,3
3237,3
3238,3
3240,3
3241,3
3243,3
3244,3
3245,3
3246,3
3247,3
3248,3
3249,3
3250,3
3252,3
3253,3
3254,3
3255,3
3259,3
3260,3
3262,3
3263,3
3264,3
3266,3
3267,3
3268,3
3269,3
3270,3
3273,3
3274,3
3276,3
3281,3
3282,3
3283,3
3285,3
3286,3
3288,3
3289,3
3290,3
3292,3
3293,3
3295,3
3296,3
3297,3
3299,3
3300,3
3301,3
3302,3
3303,3
3309,3
3311,3
3312,3
3314,3
3315,3
3316,3
3318,3
3319,3
3321,3
3322,3
3323,3
3324,3
3325,3
3326,3
3329,3
3331,3
3332,3
3334,3
3335,3
3336,3
3337,3
3338,3
3344,3
3345,3
3347,3
3349,3
3350,3
3351,3
3353,3
3354,3
3355,3
3356,3
3359,3
3361,3
3362,3
3363,3
3365,3
3366,3
3367,3
3369,3
3370,3
3371,3
3373,3
3374,3
3378,3
3379,3
3381,3
3383,3
3384,3
3385,3
3386,3
3387,3
3388,3
3389,3
3392,3
3393,3
3394,3
3396,3
3397,3
3398,3
3399,3
3401,3
3402,3
3404,3
3405,3
3406,3
3407,3
3408,3
3409,3
3414,3
3415,3
3416,3
3417,3
3418,3
3420,3
3421,3
3422,3
3423,3
3425,3
3426,3
3427,3
3428,3
3430,3
3432,3
3433,3
3434,3
3435,3
3436,3
3437,3
3439,3
3441,3
3442,3
3443,3
3445,3
3447,3
3448,3
3449,3
3450,3
3451,3
3452,3
3453,3
3456,3
3457,3
3459,3
3461,3
3463,3
3465,3
3468,3
3469,3
3471,3
3472,3
3473,3
3474,3
3475,3
3477,3
3478,3
3479,3
3481,3
3482,3
3483,3
3484,3
3486,3
3487,3
3489,3
3490,3
3491,3
3494,3
3495,3
3496,3
3497,3
3502,3
3505,3
3506,3
3508,3
3511,3
3515,3
3516,3
3517,3
3518,3
3522,3
3524,3
3526,3
3527,3
3528,3
3529,3
3531,3
3533,3
3534,3
3536,3
3538,3
3540,3
3541,3
3543,3
3544,3
3546,3
3547,3
3549,3
3550,3
3551,3
3553,3
3555,3
3558,3
3559,3
3560,3
3561,3
3563,3
3564,3
3565,3
3567,3
3568,3
3572,3
3575,3
3579,3
3580,3
3581,3
3583,3
3584,3
3585,3
3586,3
3587,3
3588,3
3590,3
3591,3
3592,3
3593,3
3595,3
3596,3
3597,3
3598,3
3599,3
3600,3
3601,3
3603,3
3606,3
3607,3
3608,3
3609,3
3610,3
3611,3
3614,3
3615,3
3618,3
3621,3
3622,3
3623,3
3624,3
3625,3
3626,3
3627,3
3628,3
3629,3
3632,3
3633,3
3635,3
3636,3
3638,3
3642,3
3645,3
3646,3
3647,3
3648,3
3649,3
3651,3
3652,3
3653,3
3655,3
3656,3
3658,3
3660,3
3662,3
3663,3
3665,3
3667,3
3670,3
3671,3
3674,3
3676,3
3678,3
3679,3
3682,3
3683,3
3686,3
3687,3
3688,3
3689,3
3690,3
3692,3
3694,3
3695,3
3696,3
3698,3
3699,3
3701,3
3702,3
3703,3
3704,3
3705,3
3706,3
3707,3
3708,3
3712,3
3713,3
3714,3
3716,3
3717,3
3718,3
3719,3
3720,3
3721,3
3724,3
3725,3
3726,3
3727,3
3728,3
3729,3
3734,3
3737,3
3738,3
3739,3
3741,3
3742,3
3745,3
3746,3
3748,3
3750,3
3751,3
3754,3
3755,3
3757,3
3758,3
3760,3
3761,3
3762,3
3763,3
3764,3
3766,3
3767,3
3770,3
3772,3
3774,3
3775,3
3776,3
3777,3
3778,3
3782,3
3783,3
3784,3
3786,3
3787,3
3788,3
3790,3
3791,3
3793,3
3794,3
3795,3
3796,3
3801,3
3803,3
3804,3
3808,3
3809,3
3813,3
3814,3
3815,3
3817,3
3818,3
3823,3
3824,3
3825,3
3826,3
3827,3
3831,3
3832,3
3833,3
3834,3
3835,3
3836,3
3838,3
3839,3
3841,3
3842,3
3843,3
3846,3
3847,3
3850,3
3852,3
3854,3
3856,3
3857,3
3858,3
3860,3
3861,3
3863,3
3864,3
3865,3
3866,3
3869,3
3870,3
3871,3
3872,3
3876,3
3878,3
3879,3
3880,3
3882,3
3883,3
3884,3
3885,3
3886,3
3889,3
3890,3
3892,3
3894,3
3895,3
3898,3
3902,3
3903,3
3904,3
3908,3
3909,3
3911,3
3913,3
3915,3
3918,3
3919,3
3920,3
3922,3
3924,3
3926,3
3927,3
3928,3
3931,3
3932,3
3939,3
3940,3
3942,3
3943,3
3944,3
3947,3
3948,3
3949,3
3952,3
3954,3
3956,3
3958,3
3960,3
3964,3
3965,3
3966,3
3967,3
3971,3
3972,3
3975,3
3978,3
3979,3
3980,3
3983,3
3984,3
3985,3
3986,3
3987,3
3988,3
3992,3
3993,3
3995,3
3996,3
3997,3
3998,3
4001,3
4003,3
4004,3
4006,3
4007,3
4009,3
4010,3
4012,3
4013,3
4014,3
4016,3
4018,3
4020,3
4021,3
4023,3
4025,3
4026,3
4027,3
4029,3
4031,3
4034,3
4039,3
4040,3
4041,3
4042,3
4043,3
4044,3
4045,3
4046,3
4048,3
4050,3
4051,3
4052,3
4053,3
4054,3
4055,3
4056,3
4057,3
4060,3
4063,3
4064,3
4065,3
4066,3
4067,3
4068,3
4069,3
4070,3
4071,3
4072,3
4074,3
4075,3
4076,3
4077,3
4078,3
4081,3
4082,3
4084,3
4085,3
4086,3
4087,3
4089,3
4090,3
4091,3
4092,3
4095,3
4099,3
4104,3
4105,3
4107,3
4108,3
4109,3
4110,3
4112,3
4113,3
4114,3
4115,3
4116,3
4117,3
4118,3
4119,3
4120,3
4121,3
4124,3
4126,3
4127,3
4131,3
4132,3
4135,3
4136,3
4139,3
4140,3
4143,3
4145,3
4147,3
4148,3
4149,3
4150,3
4151,3
4152,3
4153,3
4154,3
4155,3
4156,3
4157,3
4160,3
4161,3
4163,3
4165,3
4166,3
4168,3
4169,3
4172,3
4173,3
4174,3
4176,3
4177,3
4178,3
4179,3
4181,3
4182,3
4184,3
4185,3
4186,3
4187,3
4188,3
4190,3
4193,3
4195,3
4196,3
4197,3
4204,3
4205,3
4206,3
4207,3
4208,3
4209,3
4210,3
4211,3
4212,3
4213,3
4214,3
4216,4
4218,4
4219,4
4220,4
4221,4
4222,4
4223,4
4226,4
4228,4
4229,4
4230,4
4233,4
4234,4
4235,4
4236,4
4242,4
4243,4
4244,4
4246,4
4250,4
4252,4
4254,4
4255,4
4257,4
4259,4
4262,4
4264,4
4266,4
4268,4
4270,4
4271,4
4273,4
4274,4
4275,4
4282,4
4284,4
4286,4
4287,4
4288,4
4289,4
4290,4
4294,4
4295,4
4296,4
4297,4
4298,4
4299,4
4300,4
4301,4
4306,4
4307,4
4308,4
4312,4
4313,4
4314,4
4315,4
4316,4
4318,4
4320,4
4321,4
4322,4
4323,4
4324,4
4325,4
4326,4
4327,4
4328,4
4330,4
4331,4
4332,4
4333,4
4334,4
4335,4
4336,4
4338,4
4342,4
4343,4
4344,4
4345,4
4346,4
4349,4
4350,4
4353,4
4360,4
4361,4
4363,4
4367,4
4368,4
4369,4
4371,4
4372,4
4373,4
4374,4
4376,4
4377,4
4378,4
4379,4
4380,4
4381,4
4382,4
4383,4
4384,4
4385,4
4386,4
4387,4
4388,4
4389,4
4390,4
4391,4
4392,4
4395,4
4397,4
4399,4
4400,4
4401,4
4402,4
4405,4
4407,4
4409,4
4412,4
4415,4
4416,4
4417,4
4418,4
4419,4
4420,4
4421,4
4423,4
4426,4
4427,4
4429,4
4430,4
4433,4
4434,4
4436,4
4437,4
4439,4
4440,4
4442,4
4443,4
4445,4
4446,4
4447,4
4448,4
4453,4
4455,4
4456,4
4457,4
4459,4
4460,4
4461,4
4462,4
4463,4
4464,4
4466,4
4467,4
4468,4
4469,4
4470,4
4471,4
4473,4
4476,4
4477,4
4478,4
4480,4
4482,4
4483,4
4484,4
4485,4
4487,4
4491,4
4494,4
4496,4
4498,4
4499,4
4502,4
4504,4
4506,4
4509,4
4510,4
4511,4
4512,4
4513,4
4516,4
4517,4
4518,4
4521,4
4522,4
4523,4
4524,4
4525,4
4526,4
4528,4
4529,4
4530,4
4531,4
4533,4
4534,4
4535,4
4536,4
4537,4
4538,4
4539,4
4542,4
4543,4
4544,4
4545,4
4546,4
4547,4
4549,4
4550,4
4552,4
4553,4
4554,4
4555,4
4560,4
4561,4
4562,4
4563,4
4564,4
4566,4
4567,4
4568,4
4572,4
4573,4
4574,4
4576,4
4577,4
4578,4
4579,4
4580,4
4581,4
4583,4
4585,4
4586,4
4587,4
4588,4
4590,4
4593,4
4594,4
4596,4
4599,4
4601,4
4602,4
4603,4
4605,4
4606,4
4607,4
4612,4
4613,4
4614,4
4615,4
4616,4
4617,4
4619,4
4620,4
4623,4
4624,4
4625,4
4626,4
4627,4
4629,4
4630,4
4631,4
4632,4
4633,4
4635,4
4636,4
4638,4
4639,4
4641,4
4642,4
4643,4
4646,4
4647,4
4648,4
4649,4
4650,4
4652,4
4653,4
4654,4
4656,4
4657,4
4659,4
4660,4
4662,4
4663,4
4666,4
4667,4
4670,4
4671,4
4673,4
4674,4
4675,4
4677,4
4678,4
4679,4
4680,4
4681,4
4682,4
4683,4
4685,4
4686,4
4687,4
4689,4
4691,4
4692,4
4696,4
4697,4
4698,4
4699,4
4700,4
4702,4
4703,4
4705,4
4707,4
4710,4
4711,4
4713,4
4714,4
4715,4
4716,4
4717,4
4718,4
4719,4
4720,4
4721,4
4722,4
4723,4
4724,4
4727,4
4728,4
4730,4
4732,4
4733,4
4734,4
4736,4
4737,4
4738,4
4739,4
4741,4
4744,4
4745,4
4747,4
4750,4
4753,4
4754,4
4755,4
4756,4
4758,4
4759,4
4760,4
4761,4
4763,4
4765,4
4767,4
4771,4
4772,4
4773,4
4774,4
4776,4
4779,4
4781,4
4782,4
4783,4
4784,4
4788,4
4789,4
4792,4
4793,4
4794,4
4795,4
4796,4
4797,4
4798,4
4799,4
4801,4
4802,4
4803,4
4805,4
4806,4
4807,4
4809,4
4810,4
4811,4
4812,4
4814,4
4817,4
4819,4
4822,4
4823,4
4824,4
4826,4
4827,4
4828,4
4829,4
4830,4
4833,4
4834,4
4835,4
4836,4
4837,4
4838,4
4839,4
4840,4
4841,4
4842,4
4843,4
4844,4
4845,4
4846,4
4847,4
4849,4
4852,4
4853,4
4855,4
4858,4
4859,4
4861,4
4862,4
4864,4
4865,4
4866,4
4871,4
4873,4
4875,4
4876,4
4877,4
4878,4
4880,4
4883,4
4884,4
4885,4
4886,4
4887,4
4889,4
4890,4
4892,4
4893,4
4895,4
4898,4
4900,4
4901,4
4903,4
4904,4
4905,4
4906,4
4908,4
4909,4
4910,4
4914,4
4915,4
4916,4
4917,4
4918,4
4919,4
4920,4
4921,4
4924,4
4925,4
4926,4
4928,4
4929,4
4932,4
4934,4
4935,4
4936,4
4938,4
4939,4
4940,4
4942,4
4943,4
4944,4
4945,4
4947,4
4949,4
4950,4
4951,4
4953,4
4955,4
4956,4
4958,4
4959,4
4960,4
4961,4
4962,4
4964,4
4965,4
4966,4
4968,4
4970,4
4971,4
4973,4
4974,4
4975,4
4977,4
4978,4
4979,4
4980,4
4981,4
4982,4
4983,4
4984,4
4985,4
4987,4
4989,4
4991,4
4992,4
4996,4
4997,4
4998,4
4999,4
5001,4
5002,4
5004,4
5006,4
5007,4
5008,4
5009,4
5010,4
5011,4
5012,4
5013,4
5014,4
5015,4
5016,4
5017,4
5018,4
5020,4
5021,4
5022,4
5023,4
5025,4
5026,4
5028,4
5029,4
5030,4
5032,4
5033,4
5034,4
5036,4
5037,4
5038,4
5039,4
5040,4
5041,4
5042,4
5043,4
5044,4
5045,4
5046,4
5048,4
5049,4
5050,4
5051,4
5052,4
5053,4
5054,4
5055,4
5056,4
5057,4
5058,4
5059,4
5060,4
5061,4
5062,4
5064,4
5065,4
5066,4
5067,4
5068,4
5069,4
5070,4
5073,4
5074,4
5075,4
5076,4
5077,4
5079,4
5080,4
5081,4
5082,4
5084,4
5085,4
5086,4
5087,4
5089,4
5090,4
5091,4
5092,4
5093,4
5094,4
5095,4
5096,4
5097,4
5099,4
5100,4
5102,4
5103,4
5104,4
5105,4
5107,4
5108,4
5109,4
5110,4
5112,4
5114,4
5116,4
5117,4
5118,4
5120,4
5123,4
5124,4
5125,4
5126,4
5127,4
5128,4
5129,4
5130,4
5131,4
5132,4
5133,4
5134,4
5136,4
5137,4
5138,4
5139,4
5143,4
5148,4
5149,4
5150,4
5151,4
5155,4
5156,4
5159,4
5160,4
5161,4
5162,4
5163,4
5165,4
5166,4
5167,4
5168,4
5169,4
5170,4
5171,4
5172,4
5173,4
5174,4
5177,4
5178,4
5179,4
5180,4
5181,4
5182,4
5183,4
5185,4
5187,4
5191,4
5192,4
5193,4
5194,4
5195,4
5196,4
5197,4
5199,4
5200,4
5201,4
5203,4
5204,4
5206,4
5207,4
5209,4
5211,4
5212,4
5213,4
5215,4
5216,4
5218,4
5219,4
5220,4
5221,4
5222,4
5223,4
5224,4
5225,4
5228,4
5229,4
5230,4
5231,4
5232,4
5233,4
5234,4
5238,4
5241,4
5242,4
5243,4
5244,4
5245,4
5246,4
5247,4
5248,4
5251,4
5252,4
5253,4
5254,4
5255,4
5256,4
5257,4
5258,4
5259,4
5260,4
5261,4
5264,4
5266,4
5270,4
5271,4
5274,4
5277,4
5281,4
5283,4
5285,4
5286,4
5288,4
5289,4
5291,4
5292,4
5293,4
5294,4
5295,4
5296,4
5300,4
5301,4
5302,4
5304,4
5305,4
5307,4
5308,4
5310,4
5311,4
5312,4
5313,4
5315,4
5316,4
5317,4
5318,4
5320,4
5321,4
5322,4
5324,4
5326,4
5328,4
5330,4
5331,4
5334,4
5335,4
5336,4
5337,4
5340,4
5341,4
5343,4
5346,4
5347,4
5350,4
5353,4
5354,4
5355,4
5356,4
5357,4
5358,4
5359,4
5360,4
5362,4
5363,4
5364,4
5365,4
5367,4
5368,4
5369,4
5372,4
5375,4
5377,4
5379,4
5380,4
5381,4
5382,4
5383,4
5384,4
5385,4
5387,4
5388,4
5389,4
5390,4
5392,4
5393,4
5394,4
5395,4
5396,4
5397,4
5398,4
5400,4
5401,4
5403,4
5404,4
5406,4
5407,4
5408,4
5410,4
5412,4
5415,4
5416,4
5421,4
5422,4
5423,4
5424,4
5425,4
5429,4
5430,4
5431,4
5432,4
5433,4
5434,4
5435,4
5437,4
5439,4
5440,4
5441,4
5444,4
5445,4
5447,4
5448,4
5449,4
5450,4
5451,4
5452,4
5453,4
5454,4
5455,4
5459,4
5462,4
5464,4
5465,4
5466,4
5467,4
5468,4
5469,4
5470,4
5471,4
5473,4
5474,4
5476,4
5477,4
5478,4
5482,4
5483,4
5484,4
5485,4
5487,4
5488,4
5489,4
5492,4
5493,4
5496,4
5497,4
5498,4
5500,4
5501,4
5502,4
5503,4
5504,4
5505,4
5507,4
5508,4
5509,4
5511,4
5512,4
5513,4
5514,4
5515,4
5516,4
5517,4
5518,4
5519,4
5520,4
5521,4
5522,4
5524,4
5525,4
5527,4
5528,4
5529,4
5531,4
5533,4
5536,4
5537,4
5538,4
5541,4
5543,4
5544,4
5545,4
5550,4
5551,4
5552,4
5553,4
5554,4
5555,4
5558,4
5559,4
5560,4
5561,4
5562,4
5563,4
5565,4
5566,4
5568,4
5569,4
5570,4
5571,4
5573,4
5575,4
5576,4
5577,4
5578,4
5579,4
5581,4
5582,4
5585,4
5587,4
5591,4
5594,4
5595,4
5596,4
5597,4
5599,4
5602,4
5603,4
5606,4
5609,4
5611,4
5612,4
5613,4
5614,4
5615,4
5616,4
5617,4
5618,4
5620,4
5621,4
5622,4
5623,4
5625,4
5626,4
5628,4
5629,4
5632,4
5633,4
5634,4
5635,4
5636,4
5638,4
5639,4
5640,4
5644,4
5646,4
5648,4
5649,4
5650,4
5651,4
5655,4
5656,4
5658,4
5659,4
5662,4
5663,4
5664,4
5665,4
5666,4
5667,4
5668,4
5669,4
5670,4
5671,4
5672,4
5673,4
5674,4
5675,4
5677,4
5678,4
5679,4
5681,4
5682,4
5684,4
5686,4
5689,4
5690,4
5692,4
5695,4
5700,4
5701,4
5703,4
5705,4
5707,4
5708,4
5709,4
5711,4
5714,4
5716,4
5719,4
5721,4
5722,4
5723,4
5724,4
5727,4
5728,4
5729,4
5730,4
5731,4
5733,4
5734,4
5735,4
5736,4
5737,4
5738,4
5739,4
5741,4
5742,4
5743,4
5744,4
5747,4
5749,4
5751,4
5752,4
5753,4
5754,4
5755,4
5756,4
5758,4
5760,4
5764,4
5768,4
5769,4
5770,4
5771,4
5777,4
5778,4
5779,4
5780,4
5781,4
5785,4
5786,4
5787,4
5789,4
5790,4
5791,4
5792,4
5793,4
5794,4
5795,4
5796,4
5800,4
5802,4
5803,4
5807,4
5809,4
5812,4
5813,4
5816,4
5818,4
5820,4
5821,4
5822,4
5824,4
5825,4
5827,4
5828,4
5832,4
5833,4
5834,4
5835,4
5836,4
5837,4
5838,4
5841,4
5842,4
5843,4
5844,4
5849,4
5850,4
5852,4
5853,4
5854,4
5855,4
5856,4
5859,4
5860,4
5861,4
5862,4
5864,4
5867,4
5869,4
5870,4
5873,4
5875,4
5876,4
5877,4
5878,4
5879,4
5880,4
5881,4
5883,4
5884,4
5886,4
5887,4
5888,4
5889,4
5890,4
5891,4
5892,4
5898,4
5899,4
5900,4
5901,4
5905,4
5906,4
5907,4
5909,4
5912,4
5913,4
5914,4
5915,4
5916,4
5917,4
5918,4
5920,4
5922,4
5923,4
5924,4
5926,4
5930,4
5933,4
5934,4
5935,4
5936,4
5937,4
